{
  "train_loss": [
    2.8317056566619874,
    2.389796317100525,
    2.2480200876235963,
    2.164512279014587,
    2.104866382369995,
    2.0621812406539917,
    2.0267290729522704,
    2.0008993619918822,
    1.9743375690460205,
    1.9563213066864014,
    1.9397507851409912,
    1.9227136573410035,
    1.909763999710083,
    1.8980548279190064,
    1.8862594486236572,
    1.8735318600463866,
    1.8681718867874146,
    1.8582586767959595,
    1.848869238014221,
    1.8426711050415039,
    1.8362217687225342,
    1.8303558210372926,
    1.8237680807876586,
    1.8214820026016236,
    1.8104096715927125,
    1.8063654962539673,
    1.802815955924988,
    1.7973445483016968,
    1.7939398973083496,
    1.788105890197754
  ],
  "train_acc": [
    25.7035,
    36.95275,
    40.65425,
    42.878,
    44.37425,
    45.43125,
    46.34225,
    47.05575,
    47.751,
    48.25025,
    48.7685,
    49.03875,
    49.445,
    49.7175,
    49.9785,
    50.409,
    50.51775,
    50.89625,
    51.0275,
    51.22675,
    51.30575,
    51.44425,
    51.68075,
    51.6715,
    51.92375,
    52.10525,
    52.22575,
    52.368,
    52.4075,
    52.56525
  ],
  "val_loss": [
    2.29588654045105,
    2.0776853661346437,
    1.9630460152435303,
    1.880524471168518,
    1.8324525813674928,
    1.7749343462371827,
    1.7473530056381226,
    1.7208020203781127,
    1.6809839420700072,
    1.6777669914627076,
    1.6359822895812988,
    1.6348273544692993,
    1.6157631851959229,
    1.6025325364303589,
    1.596269061012268,
    1.5890391687774659,
    1.569412169303894,
    1.563100418395996,
    1.5496398705673218,
    1.531176675376892,
    1.5260328979492188,
    1.519956328201294,
    1.5222015726089477,
    1.5116209552001953,
    1.5095989992141723,
    1.4955153318405152,
    1.4992350981903075,
    1.4841892742156984,
    1.4829419018554688,
    1.4783266563034059
  ],
  "val_acc": [
    39.231,
    44.702,
    47.754,
    50.048,
    51.225,
    52.632,
    53.356,
    53.927,
    55.087,
    55.294,
    55.979,
    56.256,
    56.66,
    57.12,
    57.252,
    57.506,
    57.899,
    58.023,
    58.426,
    59.128,
    58.916,
    59.225,
    59.301,
    59.328,
    59.642,
    59.788,
    59.748,
    60.178,
    60.115,
    60.278
  ],
  "epochs": [
    1,
    2,
    3,
    4,
    5,
    6,
    7,
    8,
    9,
    10,
    11,
    12,
    13,
    14,
    15,
    16,
    17,
    18,
    19,
    20,
    21,
    22,
    23,
    24,
    25,
    26,
    27,
    28,
    29,
    30
  ]
}