{
  "train_loss": [
    1.1352314332389832,
    0.7749818351745605,
    0.6915453758049012,
    0.6425980177974701,
    0.6067662424564362,
    0.5764219552278519,
    0.5543680518627166,
    0.5325632384300232,
    0.5154013726377488,
    0.4982904701089859,
    0.4831826600217819,
    0.47037340121746063,
    0.45525591284751893,
    0.442075096745491,
    0.42767798300743104,
    0.41458253546237944,
    0.40379575412273405,
    0.3903252417087555,
    0.3794581517958641,
    0.3655111440896988,
    0.3549435326886177,
    0.34207224551439286,
    0.33178539196968077,
    0.3203377060484886,
    0.3088045553898811,
    0.2981064399600029,
    0.2887349984908104,
    0.2767438833522797,
    0.268867641685009,
    0.25940343682050704
  ],
  "train_acc": [
    69.31925,
    78.929,
    81.16075,
    82.45225,
    83.39175,
    84.17975,
    84.74725,
    85.31325,
    85.77275,
    86.11925,
    86.53725,
    86.78425,
    87.1835,
    87.47025,
    87.82825,
    88.1275,
    88.37125,
    88.7,
    88.93625,
    89.307,
    89.468,
    89.81825,
    90.04275,
    90.3065,
    90.621,
    90.87425,
    91.105,
    91.40625,
    91.64875,
    91.88725
  ],
  "val_loss": [
    0.882599292678833,
    0.7390739353752136,
    0.717620865020752,
    0.6640536953544617,
    0.6431048379135131,
    0.6099821131896973,
    0.6041468982505799,
    0.5911620048141479,
    0.5728731255340577,
    0.5677663516998291,
    0.5651476469612121,
    0.5537127933311462,
    0.5461932329750061,
    0.5479043747329712,
    0.5538710555839539,
    0.5585725668239594,
    0.5537857712745666,
    0.5540724847316741,
    0.5544462833595276,
    0.5603833023834228,
    0.5760900946807861,
    0.5718273869609832,
    0.5729252057933807,
    0.5930781876945496,
    0.592900527601242,
    0.6032849100494385,
    0.603543476676941,
    0.612804118309021,
    0.6218333386421203,
    0.6379560932064057
  ],
  "val_acc": [
    75.878,
    80.06,
    80.387,
    82.102,
    82.388,
    83.552,
    83.682,
    84.057,
    84.527,
    84.635,
    84.893,
    85.296,
    85.493,
    85.383,
    85.189,
    85.374,
    85.604,
    85.607,
    85.55,
    85.499,
    85.152,
    85.616,
    85.513,
    85.24,
    85.389,
    85.32,
    85.205,
    85.473,
    85.423,
    85.343
  ],
  "epochs": [
    1,
    2,
    3,
    4,
    5,
    6,
    7,
    8,
    9,
    10,
    11,
    12,
    13,
    14,
    15,
    16,
    17,
    18,
    19,
    20,
    21,
    22,
    23,
    24,
    25,
    26,
    27,
    28,
    29,
    30
  ]
}