{
  "train_loss": [
    1.9727558449554443,
    1.2724790843582154,
    1.0677118628120423,
    0.9642096854782104,
    0.8996419192123413,
    0.8532287355613708,
    0.8183177934837341,
    0.7904887353515625,
    0.7674317131328583,
    0.7471058522605896,
    0.728235094871521,
    0.713729652519226,
    0.699324494934082,
    0.687143659772873,
    0.6762860416316986,
    0.6647007987785339,
    0.6554356090164185,
    0.6464095527267456,
    0.6380963892459869,
    0.6300443032741546,
    0.6226935780572891,
    0.6154644435119629,
    0.6081905622386933,
    0.6026015802288055,
    0.5967644964885712,
    0.5899889394760132,
    0.5839104252243043,
    0.5796662694740295,
    0.5726955875587464,
    0.56942456782341
  ],
  "train_acc": [
    47.2055,
    65.51075,
    70.9805,
    73.71425,
    75.494,
    76.68725,
    77.59275,
    78.37075,
    78.93325,
    79.538,
    80.011,
    80.4265,
    80.763,
    81.068,
    81.344,
    81.5795,
    81.81525,
    82.11475,
    82.33125,
    82.43125,
    82.6925,
    82.83475,
    83.0585,
    83.2095,
    83.3505,
    83.48325,
    83.685,
    83.74075,
    83.943,
    83.98875
  ],
  "val_loss": [
    1.3915875678253173,
    1.088924753227234,
    0.9817748642349243,
    0.9083169578933716,
    0.8438515152359009,
    0.8079499346542358,
    0.7871072222709655,
    0.7725694676780701,
    0.7475850946426391,
    0.7291974381256103,
    0.7113448888015748,
    0.7061582356071472,
    0.7006804459762573,
    0.6878911999702454,
    0.6784768457984924,
    0.6752543611717224,
    0.6652074661445617,
    0.6580240375328064,
    0.6545352941703796,
    0.6445977595520019,
    0.641417912979126,
    0.6343583536720276,
    0.6364728105449676,
    0.6359077770614624,
    0.6308106246185303,
    0.6263150766754151,
    0.6219743501853943,
    0.62059540766716,
    0.6191665251731873,
    0.6120429052162171
  ],
  "val_acc": [
    62.315,
    70.378,
    73.426,
    75.367,
    77.117,
    78.086,
    78.642,
    79.036,
    79.742,
    80.293,
    80.709,
    80.96,
    81.166,
    81.373,
    81.641,
    81.865,
    82.028,
    82.157,
    82.531,
    82.593,
    82.757,
    82.992,
    83.023,
    82.925,
    83.041,
    83.197,
    83.288,
    83.371,
    83.347,
    83.7
  ],
  "epochs": [
    1,
    2,
    3,
    4,
    5,
    6,
    7,
    8,
    9,
    10,
    11,
    12,
    13,
    14,
    15,
    16,
    17,
    18,
    19,
    20,
    21,
    22,
    23,
    24,
    25,
    26,
    27,
    28,
    29,
    30
  ]
}